RegionID,last_months_since_2000,Zillow_Home_Value_Index_last,forecast_months_since_2000_h1,Zillow_Home_Value_Index_pred_t_plus_1,forecast_months_since_2000_h3,Zillow_Home_Value_Index_pred_t_plus_3,forecast_months_since_2000_h12,Zillow_Home_Value_Index_pred_t_plus_12
102001,305,369146.7589027537,306,371076.46561452805,308,371076.46561452805,317,371076.46561452805
394297,305,233829.7372099232,306,231686.93424953916,308,231686.93424953916,317,231686.93424953916
394298,305,325285.28749780304,306,353756.13482152,308,353756.13482152,317,353756.13482152
394299,305,201166.0666522083,306,198702.47939210053,308,198702.47939210053,317,198702.47939210053
394300,305,180320.8146127694,306,191532.39113930706,308,191532.39113930706,317,191532.39113930706
394302,305,238300.2831011511,306,245309.42294443722,308,245309.42294443722,317,245309.42294443722
394304,305,234387.0678235441,306,231549.75530362246,308,231549.75530362246,317,231549.75530362246
394305,305,233338.62122431505,306,244798.45190279998,308,244798.45190279998,317,244798.45190279998
394306,305,161797.31278203963,306,164502.6220699802,308,164502.6220699802,317,164502.6220699802
394307,305,411363.58006478025,306,411506.8806745705,308,411506.8806745705,317,411506.8806745705
394308,305,357779.9571089268,306,360977.34014642244,308,360977.34014642244,317,360977.34014642244
394309,305,295146.7552144301,306,290114.359598215,308,290114.359598215,317,290114.359598215
394310,305,187059.3706785373,306,250472.563939392,308,250472.563939392,317,250472.563939392
394311,305,232500.61147780545,306,257643.0148700236,308,257643.0148700236,317,257643.0148700236
394312,305,347559.6731182095,306,350877.9288926463,308,350877.9288926463,317,350877.9288926463
394314,305,161041.43946692857,306,168981.7823150522,308,168981.7823150522,317,168981.7823150522
394315,305,344403.1128651588,306,350941.58350460185,308,350941.58350460185,317,350941.58350460185
394316,305,134943.5932886602,306,186731.10536597692,308,186731.10536597692,317,186731.10536597692
394318,305,357250.52482669265,306,358453.5403979943,308,358453.5403979943,317,358453.5403979943
394319,305,175332.6494888199,306,174883.72061320723,308,174883.72061320723,317,174883.72061320723
394320,305,191166.1999654925,306,193943.421539734,308,193943.421539734,317,193943.421539734
394321,305,174688.31861249244,306,171779.97670232833,308,171779.97670232833,317,171779.97670232833
394322,305,107154.5019104741,306,112094.436471615,308,112094.436471615,317,112094.436471615
394323,305,213576.93202722888,306,215468.85595650613,308,215468.85595650613,317,215468.85595650613
394324,305,133165.07830953365,306,138025.76002373188,308,138025.76002373188,317,138025.76002373188
394325,305,261599.9556862587,306,262235.5827721181,308,262235.5827721181,317,262235.5827721181
394326,305,203730.37368481728,306,197930.32848430646,308,197930.32848430646,317,197930.32848430646
394327,305,396852.7219884477,306,395601.9490330524,308,395601.9490330524,317,395601.9490330524
394330,305,250950.6370870496,306,248629.16553211014,308,248629.16553211014,317,248629.16553211014
394331,305,309435.54301764164,306,306502.24810241134,308,306502.24810241134,317,306502.24810241134
394332,305,418559.27156725153,306,424638.47039907717,308,424638.47039907717,317,424638.47039907717
394333,305,163044.6989454192,306,168779.67620175408,308,168779.67620175408,317,168779.67620175408
394334,305,338779.9350747862,306,341876.6860836595,308,341876.6860836595,317,341876.6860836595
394335,305,246768.82838743032,306,258648.80188612384,308,258648.80188612384,317,258648.80188612384
394336,305,180048.74185282434,306,183035.84447545506,308,183035.84447545506,317,183035.84447545506
394337,305,158866.26657867082,306,157439.46598514103,308,157439.46598514103,317,157439.46598514103
394338,305,440127.73940069793,306,440432.93841593934,308,440432.93841593934,317,440432.93841593934
394339,305,234009.7355186152,306,231828.53269745046,308,231828.53269745046,317,231828.53269745046
394340,305,173188.73398856557,306,171213.9371660043,308,171213.9371660043,317,171213.9371660043
394341,305,521967.2743590596,306,517467.36860576645,308,517467.36860576645,317,517467.36860576645
394342,305,175536.87296319637,306,166354.07616997193,308,166354.07616997193,317,166354.07616997193
394343,305,182053.83263206304,306,232408.75351743304,308,232408.75351743304,317,232408.75351743304
394344,305,247478.54877301547,306,247301.22602193474,308,247301.22602193474,317,247301.22602193474
394345,305,280669.93170352414,306,278724.16082848405,308,278724.16082848405,317,278724.16082848405
394346,305,367569.5035704851,306,367932.7688038472,308,367932.7688038472,317,367932.7688038472
394347,305,388897.2066109204,306,394225.7221089493,308,394225.7221089493,317,394225.7221089493
394348,305,377608.6227334144,306,379628.11920701695,308,379628.11920701695,317,379628.11920701695
394349,305,243263.9480476745,306,233693.95083781413,308,233693.95083781413,317,233693.95083781413
394350,305,224854.5722893769,306,234554.04481345878,308,234554.04481345878,317,234554.04481345878
394351,305,337061.5228270427,306,341453.7808868509,308,341453.7808868509,317,341453.7808868509
394352,305,240238.2330734385,306,242833.41741808812,308,242833.41741808812,317,242833.41741808812
394353,305,323477.53639236075,306,319554.0711067121,308,319554.0711067121,317,319554.0711067121
394354,305,201411.7027481329,306,201380.45016737434,308,201380.45016737434,317,201380.45016737434
394355,305,449110.26575188246,306,458311.1978712443,308,458311.1978712443,317,458311.1978712443
394356,305,156999.39008342804,306,181930.72085918917,308,181930.72085918917,317,181930.72085918917
394357,305,364462.5516531208,306,363344.0525182624,308,363344.0525182624,317,363344.0525182624
394358,305,403427.96354934014,306,417320.8953805137,308,417320.8953805137,317,417320.8953805137
394359,305,276534.8061144212,306,276144.23086291354,308,276144.23086291354,317,276144.23086291354
394360,305,336932.9332768155,306,332267.90872833616,308,332267.90872833616,317,332267.90872833616
394361,305,757941.7710137417,306,754033.1508216182,308,754033.1508216182,317,754033.1508216182
394362,305,397703.6691348308,306,398512.0779575294,308,398512.0779575294,317,398512.0779575294
394363,305,178907.31125843045,306,180783.6819490676,308,180783.6819490676,317,180783.6819490676
394365,305,216378.9636913572,306,214726.28931256442,308,214726.28931256442,317,214726.28931256442
394366,305,157069.27598725283,306,159772.0393766982,308,159772.0393766982,317,159772.0393766982
394367,305,244155.7721607561,306,243914.16206343827,308,243914.16206343827,317,243914.16206343827
394368,305,184814.14449572004,306,187268.63773708366,308,187268.63773708366,317,187268.63773708366
394369,305,179193.6205427337,306,177483.89779445366,308,177483.89779445366,317,177483.89779445366
394370,305,211958.17010159144,306,223005.50060799226,308,223005.50060799226,317,223005.50060799226
394371,305,202447.5381863016,306,199504.71937516305,308,199504.71937516305,317,199504.71937516305
394372,305,176007.75566952117,306,176359.95794012435,308,176359.95794012435,317,176359.95794012435
394373,305,308498.2791156566,306,306904.1093816442,308,306904.1093816442,317,306904.1093816442
394374,305,140198.67054241264,306,141631.12042490707,308,141631.12042490707,317,141631.12042490707
394375,305,205475.77722206563,306,207754.64463770713,308,207754.64463770713,317,207754.64463770713
394376,305,172180.92139070734,306,173624.5684705852,308,173624.5684705852,317,173624.5684705852
394377,305,250513.74650041325,306,241039.5002118607,308,241039.5002118607,317,241039.5002118607
394378,305,624584.8151427942,306,626879.5793154656,308,626879.5793154656,317,626879.5793154656
394379,305,265703.9965231966,306,260621.28384953368,308,260621.28384953368,317,260621.28384953368
394380,305,675537.9847295122,306,680270.5028928115,308,680270.5028928115,317,680270.5028928115
394381,305,96056.65568702796,306,108950.74177147882,308,108950.74177147882,317,108950.74177147882
394382,305,374066.8549287135,306,404725.8648869837,308,404725.8648869837,317,404725.8648869837
394383,305,257782.4055979504,306,286067.8343100987,308,286067.8343100987,317,286067.8343100987
394384,305,218223.1476325661,306,229082.6209374938,308,229082.6209374938,317,229082.6209374938
394385,305,149704.42979355622,306,160234.58985992748,308,160234.58985992748,317,160234.58985992748
394386,305,406347.1471858782,306,402733.41380816785,308,402733.41380816785,317,402733.41380816785
394387,305,188723.03458426296,306,194255.8287731301,308,194255.8287731301,317,194255.8287731301
394388,305,257460.2760510848,306,258112.87627457108,308,258112.87627457108,317,258112.87627457108
394390,305,346218.73378605046,306,349379.38232529315,308,349379.38232529315,317,349379.38232529315
394391,305,372642.4876204043,306,368108.1727474342,308,368108.1727474342,317,368108.1727474342
394392,305,281623.452481841,306,286546.27494009724,308,286546.27494009724,317,286546.27494009724
394393,305,300759.1003775185,306,302897.0342253401,308,302897.0342253401,317,302897.0342253401
394395,305,242959.46071115625,306,241926.03161030594,308,241926.03161030594,317,241926.03161030594
394396,305,139760.86747681446,306,143077.169209512,308,143077.169209512,317,143077.169209512
394397,305,102079.12591002564,306,106344.10297542773,308,106344.10297542773,317,106344.10297542773
394398,305,129894.4896065654,306,132714.91551980894,308,132714.91551980894,317,132714.91551980894
394399,305,495831.63101028645,306,494075.3541692037,308,494075.3541692037,317,494075.3541692037
394402,305,514883.8079614535,306,513690.11175925395,308,513690.11175925395,317,513690.11175925395
394403,305,119449.0325794333,306,120544.32048596983,308,120544.32048596983,317,120544.32048596983
394404,305,737436.1440254474,306,739341.0001188917,308,739341.0001188917,317,739341.0001188917
394405,305,742033.142732441,306,748640.0909149904,308,748640.0909149904,317,748640.0909149904
394406,305,261892.0714365315,306,270783.2993795658,308,270783.2993795658,317,270783.2993795658
394407,305,711424.6099343029,306,710431.6275097479,308,710431.6275097479,317,710431.6275097479
394409,305,113259.3843077139,306,114722.8424551211,308,114722.8424551211,317,114722.8424551211
394410,305,355474.9074955633,306,358081.18052646786,308,358081.18052646786,317,358081.18052646786
394411,305,257717.5988152536,306,258531.4727166375,308,258531.4727166375,317,258531.4727166375
394412,305,583650.0601539062,306,583630.9142597907,308,583630.9142597907,317,583630.9142597907
394413,305,365727.3466955833,306,358279.9277712198,308,358279.9277712198,317,358279.9277712198
394414,305,480851.0944908886,306,480385.6887816797,308,480385.6887816797,317,480385.6887816797
394415,305,668534.9233546468,306,705005.5351590557,308,705005.5351590557,317,705005.5351590557
394417,305,176306.9699943429,306,177724.66358154226,308,177724.66358154226,317,177724.66358154226
394418,305,455443.48252805584,306,459522.4668682665,308,459522.4668682665,317,459522.4668682665
394419,305,314482.9401427159,306,316414.868761198,308,316414.868761198,317,316414.868761198
394421,305,201631.44671166188,306,206421.7091497824,308,206421.7091497824,317,206421.7091497824
394422,305,187636.62265503945,306,216927.9615592815,308,216927.9615592815,317,216927.9615592815
394423,305,310877.416385194,306,318154.6855590956,308,318154.6855590956,317,318154.6855590956
394424,305,156119.5506271372,306,157091.08442877955,308,157091.08442877955,317,157091.08442877955
394425,305,281622.0118401922,306,281218.37479754514,308,281218.37479754514,317,281218.37479754514
394426,305,330433.80880915606,306,327470.33903277316,308,327470.33903277316,317,327470.33903277316
394427,305,138669.73554636503,306,141239.94064499222,308,141239.94064499222,317,141239.94064499222
394428,305,293549.64546638896,306,293993.5473486347,308,293993.5473486347,317,293993.5473486347
394429,305,482132.4261259522,306,478177.1572319056,308,478177.1572319056,317,478177.1572319056
394430,305,275999.63909789134,306,274443.86886208033,308,274443.86886208033,317,274443.86886208033
394431,305,233971.0741965669,306,233675.65971590427,308,233675.65971590427,317,233675.65971590427
394432,305,276855.972670052,306,274933.5125711095,308,274933.5125711095,317,274933.5125711095
394433,305,273547.8313266498,306,274502.87766050245,308,274502.87766050245,317,274502.87766050245
394434,305,159845.13210166557,306,160684.8085320644,308,160684.8085320644,317,160684.8085320644
394435,305,100547.59993605156,306,105979.2443828942,308,105979.2443828942,317,105979.2443828942
394436,305,198822.9328526421,306,196079.5932710988,308,196079.5932710988,317,196079.5932710988
394437,305,349676.24640326964,306,348007.28744267905,308,348007.28744267905,317,348007.28744267905
394439,305,211472.5219996849,306,211798.49470817472,308,211798.49470817472,317,211798.49470817472
394440,305,355474.305308838,306,366310.2179278702,308,366310.2179278702,317,366310.2179278702
394441,305,224907.71383892992,306,231178.42974937134,308,231178.42974937134,317,231178.42974937134
394442,305,145330.53864738168,306,150450.7626186174,308,150450.7626186174,317,150450.7626186174
394443,305,233755.13067537628,306,238721.07297405758,308,238721.07297405758,317,238721.07297405758
394444,305,493660.7734793092,306,492267.427320238,308,492267.427320238,317,492267.427320238
394445,305,305465.8687311495,306,304980.48185404396,308,304980.48185404396,317,304980.48185404396
394446,305,407522.0842767062,306,399107.58124711236,308,399107.58124711236,317,399107.58124711236
394447,305,236971.88600600592,306,238024.19990352876,308,238024.19990352876,317,238024.19990352876
394448,305,217178.044993393,306,215450.14079713923,308,215450.14079713923,317,215450.14079713923
394449,305,262625.09487359616,306,233157.99571062915,308,233157.99571062915,317,233157.99571062915
394451,305,112370.01815160504,306,118136.02422156895,308,118136.02422156895,317,118136.02422156895
394452,305,435673.1554871134,306,435447.1154883306,308,435447.1154883306,317,435447.1154883306
394453,305,281746.6103971422,306,296951.1802345878,308,296951.1802345878,317,296951.1802345878
394454,305,228209.81249388293,306,235814.9526630839,308,235814.9526630839,317,235814.9526630839
394455,305,146123.99156869962,306,149004.54474556298,308,149004.54474556298,317,149004.54474556298
394456,305,140819.07207639483,306,139164.90838666065,308,139164.90838666065,317,139164.90838666065
394457,305,437172.5606061549,306,442492.2165917184,308,442492.2165917184,317,442492.2165917184
394458,305,390787.181923706,306,413576.99736791244,308,413576.99736791244,317,413576.99736791244
394459,305,464832.4039315639,306,472836.63085713034,308,472836.63085713034,317,472836.63085713034
394460,305,327172.9286605371,306,324710.8561818187,308,324710.8561818187,317,324710.8561818187
394462,305,380113.8517176255,306,401579.2514425316,308,401579.2514425316,317,401579.2514425316
394463,305,344762.75530736544,306,344206.3884558056,308,344206.3884558056,317,344206.3884558056
394464,305,401588.6193149246,306,402472.22194637463,308,402472.22194637463,317,402472.22194637463
394465,305,195720.540856308,306,196518.13503017314,308,196518.13503017314,317,196518.13503017314
394466,305,302852.5329184976,306,303442.4532680035,308,303442.4532680035,317,303442.4532680035
394469,305,152874.40662671044,306,157869.27627696912,308,157869.27627696912,317,157869.27627696912
394470,305,46667.50399176538,306,63101.38464174825,308,63101.38464174825,317,63101.38464174825
394471,305,297137.2313022069,306,297213.3435504937,308,297213.3435504937,317,297213.3435504937
394472,305,312771.27318493935,306,314986.75189844484,308,314986.75189844484,317,314986.75189844484
394473,305,126526.89424999556,306,130312.26894862484,308,130312.26894862484,317,130312.26894862484
394474,305,307170.7736191419,306,305100.8977992639,308,305100.8977992639,317,305100.8977992639
394475,305,245781.47259926383,306,247241.23560487945,308,247241.23560487945,317,247241.23560487945
394476,305,279149.38251520455,306,275455.6437424503,308,275455.6437424503,317,275455.6437424503
394477,305,173366.87549920607,306,165692.48951866044,308,165692.48951866044,317,165692.48951866044
394478,305,160995.52966966594,306,164973.85534879568,308,164973.85534879568,317,164973.85534879568
394480,305,589258.9660726824,306,590155.9903452187,308,590155.9903452187,317,590155.9903452187
394481,305,92747.400061097,306,99477.8455933975,308,99477.8455933975,317,99477.8455933975
394482,305,206383.3119554449,306,209269.2152924499,308,209269.2152924499,317,209269.2152924499
394483,305,307058.3685130371,306,312594.8686252681,308,312594.8686252681,317,312594.8686252681
394484,305,466483.9527428747,306,486970.7437453674,308,486970.7437453674,317,486970.7437453674
394485,305,313645.0402250124,306,325866.5775334547,308,325866.5775334547,317,325866.5775334547
394486,305,249854.61626568047,306,253017.0941298736,308,253017.0941298736,317,253017.0941298736
394488,305,198923.1352516992,306,201318.09549704246,308,201318.09549704246,317,201318.09549704246
394489,305,273378.7067620961,306,271362.91413747164,308,271362.91413747164,317,271362.91413747164
394490,305,183371.10330761364,306,179091.15141165286,308,179091.15141165286,317,179091.15141165286
394491,305,278065.223110587,306,275484.6147059529,308,275484.6147059529,317,275484.6147059529
394492,305,331010.32787296874,306,329266.6075062552,308,329266.6075062552,317,329266.6075062552
394493,305,485642.8302174568,306,481792.08653129695,308,481792.08653129695,317,481792.08653129695
394494,305,160518.72462285336,306,147217.00641156916,308,147217.00641156916,317,147217.00641156916
394495,305,288080.1703324525,306,294800.9181105989,308,294800.9181105989,317,294800.9181105989
394496,305,349645.6217773436,306,356317.2293035703,308,356317.2293035703,317,356317.2293035703
394498,305,137541.51759131925,306,144255.12171916815,308,144255.12171916815,317,144255.12171916815
394499,305,170163.3972599033,306,169959.13543303727,308,169959.13543303727,317,169959.13543303727
394500,305,313894.1827571853,306,313486.1684778565,308,313486.1684778565,317,313486.1684778565
394501,305,164939.0675718456,306,169132.98217301053,308,169132.98217301053,317,169132.98217301053
394502,305,222017.3783328731,306,223741.13474889915,308,223741.13474889915,317,223741.13474889915
394503,305,225948.0304577157,306,225556.66680518494,308,225556.66680518494,317,225556.66680518494
394504,305,195540.5814307863,306,196234.47944549113,308,196234.47944549113,317,196234.47944549113
394505,305,558776.2324594688,306,557762.8687412548,308,557762.8687412548,317,557762.8687412548
394506,305,174549.87934985166,306,169256.37895712935,308,169256.37895712935,317,169256.37895712935
394507,305,219375.26807722988,306,213829.14196912944,308,213829.14196912944,317,213829.14196912944
394508,305,369096.097702198,306,374991.9398593918,308,374991.9398593918,317,374991.9398593918
394509,305,300595.1067896719,306,299332.6199238179,308,299332.6199238179,317,299332.6199238179
394511,305,250325.1650535149,306,249897.12322166972,308,249897.12322166972,317,249897.12322166972
394513,305,163426.66901143163,306,162122.35514210464,308,162122.35514210464,317,162122.35514210464
394514,305,375293.228730435,306,401081.95528111997,308,401081.95528111997,317,401081.95528111997
394515,305,249070.99565492664,306,244731.6278187026,308,244731.6278187026,317,244731.6278187026
394516,305,91854.01847213472,306,91985.38121565772,308,91985.38121565772,317,91985.38121565772
394517,305,214116.712616616,306,203813.436204244,308,203813.436204244,317,203813.436204244
394518,305,162913.38095993566,306,165979.64902235908,308,165979.64902235908,317,165979.64902235908
394519,305,386185.97453828383,306,387598.62187644816,308,387598.62187644816,317,387598.62187644816
394520,305,189626.45731359936,306,192561.98698784114,308,192561.98698784114,317,192561.98698784114
394522,305,186246.2875251037,306,185349.51803243055,308,185349.51803243055,317,185349.51803243055
394523,305,228189.85377736104,306,229897.3357841713,308,229897.3357841713,317,229897.3357841713
394524,305,121260.62172740352,306,121442.1930090564,308,121442.1930090564,317,121442.1930090564
394525,305,241110.42043197845,306,240145.90123218473,308,240145.90123218473,317,240145.90123218473
394526,305,183164.86050665344,306,185996.5269120708,308,185996.5269120708,317,185996.5269120708
394527,305,211218.34584023547,306,214306.09840496478,308,214306.09840496478,317,214306.09840496478
394528,305,335686.17972279055,306,340459.0371787244,308,340459.0371787244,317,340459.0371787244
394529,305,157626.69777232027,306,160304.4911526387,308,160304.4911526387,317,160304.4911526387
394530,305,590121.5061884419,306,597529.1960021293,308,597529.1960021293,317,597529.1960021293
394531,305,296500.05827380053,306,296646.52321174974,308,296646.52321174974,317,296646.52321174974
394532,305,267718.0203829102,306,268210.1285515641,308,268210.1285515641,317,268210.1285515641
394533,305,314495.235590254,306,315721.13116353255,308,315721.13116353255,317,315721.13116353255
394535,305,177852.10251684315,306,183999.21463478866,308,183999.21463478866,317,183999.21463478866
394536,305,216160.84438207044,306,217157.15565516378,308,217157.15565516378,317,217157.15565516378
394537,305,188656.014747015,306,188410.48604433748,308,188410.48604433748,317,188410.48604433748
394538,305,144777.79901382388,306,150185.82287605482,308,150185.82287605482,317,150185.82287605482
394539,305,367824.1858871149,306,364754.92145801947,308,364754.92145801947,317,364754.92145801947
394540,305,165600.8586701205,306,167641.32967837332,308,167641.32967837332,317,167641.32967837332
394541,305,134189.3712188048,306,139929.69318642875,308,139929.69318642875,317,139929.69318642875
394542,305,271630.83795177075,306,274242.13809589035,308,274242.13809589035,317,274242.13809589035
394543,305,256783.379564618,306,257856.08843843077,308,257856.08843843077,317,257856.08843843077
394544,305,186690.8369605163,306,181980.16273480584,308,181980.16273480584,317,181980.16273480584
394545,305,135263.18512116978,306,135176.52344997544,308,135176.52344997544,317,135176.52344997544
394547,305,672142.4278221228,306,698595.312918389,308,698595.312918389,317,698595.312918389
394548,305,231796.43381998176,306,229785.6148420431,308,229785.6148420431,317,229785.6148420431
394549,305,420294.0922776618,306,432538.6932504795,308,432538.6932504795,317,432538.6932504795
394550,305,171459.61742023216,306,177651.25100812598,308,177651.25100812598,317,177651.25100812598
394551,305,234413.9041879659,306,233585.709272176,308,233585.709272176,317,233585.709272176
394553,305,314717.36966949067,306,314603.27341051423,308,314603.27341051423,317,314603.27341051423
394554,305,500818.0907588128,306,482383.48173821525,308,482383.48173821525,317,482383.48173821525
394555,305,321944.53341805906,306,320187.126882994,308,320187.126882994,317,320187.126882994
394556,305,1286305.098255673,306,1282303.8203329938,308,1282303.8203329938,317,1282303.8203329938
394557,305,219186.0487014673,306,218315.51054137302,308,218315.51054137302,317,218315.51054137302
394558,305,239333.3948911659,306,237065.98259505414,308,237065.98259505414,317,237065.98259505414
394559,305,367408.05553281866,306,367008.55444134853,308,367008.55444134853,317,367008.55444134853
394560,305,127496.1355771597,306,131994.7834921031,308,131994.7834921031,317,131994.7834921031
394561,305,226429.592150914,306,226208.63355475236,308,226208.63355475236,317,226208.63355475236
394562,305,264568.19890140207,306,263910.45580886916,308,263910.45580886916,317,263910.45580886916
394563,305,244232.4947669312,306,245580.69783777968,308,245580.69783777968,317,245580.69783777968
394564,305,145611.0845054267,306,146017.86570791464,308,146017.86570791464,317,146017.86570791464
394565,305,252374.4678472136,306,254317.0780487114,308,254317.0780487114,317,254317.0780487114
394566,305,357285.9601913753,306,357957.9559616246,308,357957.9559616246,317,357957.9559616246
394567,305,499774.2506263473,306,537628.6003354096,308,537628.6003354096,317,537628.6003354096
394568,305,152826.82558065117,306,150641.70241567135,308,150641.70241567135,317,150641.70241567135
394569,305,190946.93056709573,306,188703.32463500823,308,188703.32463500823,317,188703.32463500823
394570,305,138095.0896264162,306,141181.28453031578,308,141181.28453031578,317,141181.28453031578
394571,305,175744.04467209335,306,175123.31792515737,308,175123.31792515737,317,175123.31792515737
394572,305,212283.88968216928,306,212990.09910918333,308,212990.09910918333,317,212990.09910918333
394573,305,199673.4194201217,306,197530.0053449155,308,197530.0053449155,317,197530.0053449155
394574,305,340345.8779085691,306,340337.17393221415,308,340337.17393221415,317,340337.17393221415
394576,305,461014.2512851041,306,462544.6303597919,308,462544.6303597919,317,462544.6303597919
394577,305,437316.9252958075,306,436121.61350220395,308,436121.61350220395,317,436121.61350220395
394578,305,328589.1244155475,306,319087.24114405806,308,319087.24114405806,317,319087.24114405806
394579,305,219256.41002682352,306,220056.03668670155,308,220056.03668670155,317,220056.03668670155
394580,305,305301.5399862607,306,311929.1553750299,308,311929.1553750299,317,311929.1553750299
394582,305,159166.37002077032,306,153224.5311775206,308,153224.5311775206,317,153224.5311775206
394584,305,387382.3302178473,306,384360.6931162842,308,384360.6931162842,317,384360.6931162842
394585,305,324577.6179994284,306,324408.3846397305,308,324408.3846397305,317,324408.3846397305
394586,305,351332.49941563816,306,341870.6363218855,308,341870.6363218855,317,341870.6363218855
394587,305,190612.03083068103,306,193294.60205650047,308,193294.60205650047,317,193294.60205650047
394588,305,257113.3848436304,306,280873.8919002021,308,280873.8919002021,317,280873.8919002021
394589,305,248883.7476093612,306,247982.83611406814,308,247982.83611406814,317,247982.83611406814
394590,305,361434.7590434043,306,371533.0188025579,308,371533.0188025579,317,371533.0188025579
394591,305,331346.4574134093,306,339326.6031330207,308,339326.6031330207,317,339326.6031330207
394592,305,412413.7556680813,306,409641.1328090511,308,409641.1328090511,317,409641.1328090511
394593,305,236317.8424870715,306,232980.68112405168,308,232980.68112405168,317,232980.68112405168
394594,305,118790.6936910082,306,132560.36012775468,308,132560.36012775468,317,132560.36012775468
394595,305,636257.1386079976,306,599459.2774613159,308,599459.2774613159,317,599459.2774613159
394596,305,191345.25162683896,306,191945.89347745004,308,191945.89347745004,317,191945.89347745004
394597,305,183542.1471839801,306,183975.63042822958,308,183975.63042822958,317,183975.63042822958
394598,305,206494.36325118985,306,210847.24178898425,308,210847.24178898425,317,210847.24178898425
394599,305,279224.180118166,306,282707.5122966478,308,282707.5122966478,317,282707.5122966478
394600,305,214024.3155480621,306,231557.05132294318,308,231557.05132294318,317,231557.05132294318
394601,305,77058.34712987607,306,77589.53221077751,308,77589.53221077751,317,77589.53221077751
394602,305,563429.7286396286,306,566096.3565023077,308,566096.3565023077,317,566096.3565023077
394604,305,226184.50613455143,306,227823.4074465296,308,227823.4074465296,317,227823.4074465296
394605,305,118678.91406344344,306,119529.48776529543,308,119529.48776529543,317,119529.48776529543
394606,305,331645.391904458,306,327367.76911878807,308,327367.76911878807,317,327367.76911878807
394608,305,158095.0857435844,306,158467.83132239326,308,158467.83132239326,317,158467.83132239326
394609,305,198869.8691597324,306,199105.77412940466,308,199105.77412940466,317,199105.77412940466
394612,305,253273.40697618155,306,251452.3686295093,308,251452.3686295093,317,251452.3686295093
394613,305,215036.38679040875,306,212534.78599326249,308,212534.78599326249,317,212534.78599326249
394614,305,248757.1881577253,306,236544.84108543838,308,236544.84108543838,317,236544.84108543838
394615,305,521864.5378347915,306,533458.0154886559,308,533458.0154886559,317,533458.0154886559
394616,305,153016.0405527392,306,158700.63784501766,308,158700.63784501766,317,158700.63784501766
394617,305,240570.80285218253,306,233998.75618207743,308,233998.75618207743,317,233998.75618207743
394618,305,185793.7405273501,306,190619.5863456428,308,190619.5863456428,317,190619.5863456428
394619,305,406752.7152367588,306,414445.6726873622,308,414445.6726873622,317,414445.6726873622
394620,305,174572.79901638578,306,181244.90064998943,308,181244.90064998943,317,181244.90064998943
394621,305,180119.4400719034,306,185927.06450312948,308,185927.06450312948,317,185927.06450312948
394622,305,306214.8888079233,306,307535.80013415305,308,307535.80013415305,317,307535.80013415305
394623,305,389596.3773482607,306,390290.8469138145,308,390290.8469138145,317,390290.8469138145
394624,305,326809.3055024623,306,324369.544148372,308,324369.544148372,317,324369.544148372
394625,305,110996.84037494483,306,115163.38027306713,308,115163.38027306713,317,115163.38027306713
394626,305,215993.96676465136,306,217167.46890748388,308,217167.46890748388,317,217167.46890748388
394627,305,233617.55109690104,306,230093.9138795852,308,230093.9138795852,317,230093.9138795852
394628,305,692135.4044082863,306,689371.8184505083,308,689371.8184505083,317,689371.8184505083
394629,305,384542.7933937656,306,385794.7081616742,308,385794.7081616742,317,385794.7081616742
394630,305,330617.241632403,306,335630.0079065439,308,335630.0079065439,317,335630.0079065439
394631,305,354712.2657511923,306,351591.9875431614,308,351591.9875431614,317,351591.9875431614
394632,305,197478.9911622149,306,194989.46411917228,308,194989.46411917228,317,194989.46411917228
394633,305,300839.76886679605,306,309318.18181296793,308,309318.18181296793,317,309318.18181296793
394634,305,207432.5893322389,306,206563.90061831992,308,206563.90061831992,317,206563.90061831992
394635,305,178295.7106239423,306,177853.7610384348,308,177853.7610384348,317,177853.7610384348
394637,305,263738.4672525422,306,256823.30660330545,308,256823.30660330545,317,256823.30660330545
394638,305,260571.6936847083,306,263756.1964380633,308,263756.1964380633,317,263756.1964380633
394639,305,429904.7899566946,306,420294.462101844,308,420294.462101844,317,420294.462101844
394640,305,349729.886033565,306,347467.21561428724,308,347467.21561428724,317,347467.21561428724
394641,305,396560.63288315054,306,402862.8591805018,308,402862.8591805018,317,402862.8591805018
394642,305,145115.0422591721,306,149121.62850970708,308,149121.62850970708,317,149121.62850970708
394643,305,113954.1679271142,306,132174.6032469516,308,132174.6032469516,317,132174.6032469516
394644,305,337098.66832883074,306,335737.5983723344,308,335737.5983723344,317,335737.5983723344
394645,305,508921.5922435453,306,510588.3783479736,308,510588.3783479736,317,510588.3783479736
394646,305,337581.59945348284,306,337859.63647831633,308,337859.63647831633,317,337859.63647831633
394647,305,249114.3359491556,306,250924.62481619578,308,250924.62481619578,317,250924.62481619578
394648,305,258366.61521701005,306,257260.28088389258,308,257260.28088389258,317,257260.28088389258
394649,305,248824.7150151633,306,242626.68104191846,308,242626.68104191846,317,242626.68104191846
394650,305,50336.00692577288,306,54760.53926737357,308,54760.53926737357,317,54760.53926737357
394651,305,244588.5172209158,306,244697.9603285644,308,244697.9603285644,317,244697.9603285644
394652,305,207987.3075179664,306,206296.05064903374,308,206296.05064903374,317,206296.05064903374
394653,305,310093.73135356355,306,313618.4646477185,308,313618.4646477185,317,313618.4646477185
394654,305,98409.81328515284,306,108400.19536848101,308,108400.19536848101,317,108400.19536848101
394655,305,168209.1759265947,306,169126.81684369518,308,169126.81684369518,317,169126.81684369518
394656,305,122606.81864985533,306,145324.9260024727,308,145324.9260024727,317,145324.9260024727
394658,305,218841.2731691436,306,218812.69116033512,308,218812.69116033512,317,218812.69116033512
394659,305,163104.49372286073,306,187429.59781934586,308,187429.59781934586,317,187429.59781934586
394660,305,318918.77274200635,306,316582.6277634861,308,316582.6277634861,317,316582.6277634861
394661,305,219347.6493467709,306,222683.76362657853,308,222683.76362657853,317,222683.76362657853
394662,305,358188.4749992175,306,355393.59780204063,308,355393.59780204063,317,355393.59780204063
394663,305,204527.81772620263,306,200702.37638101637,308,200702.37638101637,317,200702.37638101637
394666,305,301737.71106857574,306,301284.6424542197,308,301284.6424542197,317,301284.6424542197
394667,305,227754.7143992203,306,226345.31676981202,308,226345.31676981202,317,226345.31676981202
394668,305,341691.9182893767,306,343619.7930888746,308,343619.7930888746,317,343619.7930888746
394669,305,388981.6362064149,306,398924.9547406872,308,398924.9547406872,317,398924.9547406872
394670,305,216272.6454629317,306,216295.2462024729,308,216295.2462024729,317,216295.2462024729
394671,305,211505.22424384448,306,214508.49470288018,308,214508.49470288018,317,214508.49470288018
394673,305,239499.1206749979,306,238430.91627779155,308,238430.91627779155,317,238430.91627779155
394674,305,1142586.081920474,306,1135759.9829873424,308,1135759.9829873424,317,1135759.9829873424
394675,305,470987.9060410125,306,466690.09829029645,308,466690.09829029645,317,466690.09829029645
394676,305,52495.20053741671,306,52967.76390854534,308,52967.76390854534,317,52967.76390854534
394677,305,191143.7560062089,306,193938.20636221598,308,193938.20636221598,317,193938.20636221598
394678,305,176034.83400173462,306,171834.550723345,308,171834.550723345,317,171834.550723345
394679,305,263541.4093932653,306,263374.0181583842,308,263374.0181583842,317,263374.0181583842
394680,305,565167.6091764813,306,570400.2949161617,308,570400.2949161617,317,570400.2949161617
394681,305,521551.8738955737,306,521699.10393344617,308,521699.10393344617,317,521699.10393344617
394682,305,255751.5478670532,306,257616.55844546613,308,257616.55844546613,317,257616.55844546613
394683,305,193918.0413062696,306,198514.50148283102,308,198514.50148283102,317,198514.50148283102
394685,305,278334.2307301388,306,285211.56740568974,308,285211.56740568974,317,285211.56740568974
394687,305,693524.7081744758,306,700968.3418854597,308,700968.3418854597,317,700968.3418854597
394689,305,248853.40232068324,306,249967.89685694416,308,249967.89685694416,317,249967.89685694416
394690,305,190720.9704040968,306,210290.50567453413,308,210290.50567453413,317,210290.50567453413
394691,305,184309.06641619848,306,185634.82718074787,308,185634.82718074787,317,185634.82718074787
394692,305,313935.94886473456,306,322566.0671813707,308,322566.0671813707,317,322566.0671813707
394693,305,462883.1779957144,306,463008.1074894225,308,463008.1074894225,317,463008.1074894225
394695,305,183671.7259643594,306,178297.04450032284,308,178297.04450032284,317,178297.04450032284
394696,305,204071.0530857252,306,202198.83575243852,308,202198.83575243852,317,202198.83575243852
394697,305,155164.40615166287,306,157897.35261035245,308,157897.35261035245,317,157897.35261035245
394698,305,312815.24172523344,306,312911.7127783753,308,312911.7127783753,317,312911.7127783753
394699,305,272150.09831199184,306,273925.37255466904,308,273925.37255466904,317,273925.37255466904
394700,305,185942.44963990583,306,179693.9189482752,308,179693.9189482752,317,179693.9189482752
394701,305,149923.7294009989,306,163735.7277449025,308,163735.7277449025,317,163735.7277449025
394702,305,298280.9878585684,306,292004.6787526796,308,292004.6787526796,317,292004.6787526796
394703,305,409015.5466393552,306,405437.49516903306,308,405437.49516903306,317,405437.49516903306
394704,305,156357.97306176584,306,154310.44891626126,308,154310.44891626126,317,154310.44891626126
394705,305,291851.63980873645,306,294094.24677296245,308,294094.24677296245,317,294094.24677296245
394706,305,92089.5057506775,306,93521.53247613565,308,93521.53247613565,317,93521.53247613565
394707,305,297177.0471208162,306,299529.4766467475,308,299529.4766467475,317,299529.4766467475
394708,305,181127.6408462016,306,178627.87467983217,308,178627.87467983217,317,178627.87467983217
394709,305,352898.55813413183,306,360939.223865783,308,360939.223865783,317,360939.223865783
394710,305,221929.14282769823,306,222374.91150282373,308,222374.91150282373,317,222374.91150282373
394711,305,206071.8677763719,306,207739.09472053312,308,207739.09472053312,317,207739.09472053312
394712,305,204135.7927582411,306,207677.6302346639,308,207677.6302346639,317,207677.6302346639
394713,305,1363363.0239243724,306,1360233.4332605228,308,1360233.4332605228,317,1360233.4332605228
394714,305,356519.5660708433,306,361064.9404284083,308,361064.9404284083,317,361064.9404284083
394715,305,125143.6099748286,306,124966.31824013176,308,124966.31824013176,317,124966.31824013176
394716,305,283468.53150738537,306,287408.3759112767,308,287408.3759112767,317,287408.3759112767
394717,305,236880.0301325066,306,240992.23132512876,308,240992.23132512876,317,240992.23132512876
394718,305,228591.9623915317,306,235228.01149739482,308,235228.01149739482,317,235228.01149739482
394719,305,172228.51012864182,306,171590.1182993652,308,171590.1182993652,317,171590.1182993652
394720,305,287196.41117625515,306,287802.03072762786,308,287802.03072762786,317,287802.03072762786
394721,305,235120.2248973289,306,236058.75866469007,308,236058.75866469007,317,236058.75866469007
394723,305,262513.865948125,306,263945.99126648076,308,263945.99126648076,317,263945.99126648076
394725,305,203828.6033402182,306,203966.6468492075,308,203966.6468492075,317,203966.6468492075
394726,305,279137.317029133,306,286036.64216528146,308,286036.64216528146,317,286036.64216528146
394727,305,122703.30107571532,306,123205.06389519082,308,123205.06389519082,317,123205.06389519082
394728,305,199714.1264541104,306,200333.12667963599,308,200333.12667963599,317,200333.12667963599
394729,305,224039.5108673256,306,223228.97518087682,308,223228.97518087682,317,223228.97518087682
394730,305,478094.94530900987,306,465777.48298808286,308,465777.48298808286,317,465777.48298808286
394731,305,1039038.5363020216,306,1029838.1167403903,308,1029838.1167403903,317,1029838.1167403903
394732,305,274696.4887500044,306,275126.456442331,308,275126.456442331,317,275126.456442331
394733,305,643555.1759742216,306,640363.3854833854,308,640363.3854833854,317,640363.3854833854
394734,305,216987.38360246364,306,216852.50757237227,308,216852.50757237227,317,216852.50757237227
394735,305,321094.608340079,306,324110.9227898324,308,324110.9227898324,317,324110.9227898324
394736,305,1003440.6368269504,306,1015801.4648138371,308,1015801.4648138371,317,1015801.4648138371
394737,305,293425.2008706744,306,289518.499169554,308,289518.499169554,317,289518.499169554
394738,305,381742.4285937305,306,389038.8339708123,308,389038.8339708123,317,389038.8339708123
394739,305,242605.0216294617,306,239551.18659358137,308,239551.18659358137,317,239551.18659358137
394740,305,93119.4962698813,306,93991.92125817109,308,93991.92125817109,317,93991.92125817109
394741,305,442104.09874010045,306,439918.5732967543,308,439918.5732967543,317,439918.5732967543
394742,305,377077.66624028754,306,380020.61064589844,308,380020.61064589844,317,380020.61064589844
394743,305,399233.1121331106,306,405796.68210698885,308,405796.68210698885,317,405796.68210698885
394744,305,966881.7021959262,306,987014.4710078224,308,987014.4710078224,317,987014.4710078224
394745,305,607286.5891988933,306,620101.3282627696,308,620101.3282627696,317,620101.3282627696
394746,305,255005.19708168096,306,255156.52338792608,308,255156.52338792608,317,255156.52338792608
394747,305,239787.3865250086,306,240481.70433374256,308,240481.70433374256,317,240481.70433374256
394748,305,431914.9931743646,306,432432.30469404266,308,432432.30469404266,317,432432.30469404266
394749,305,148251.00325557587,306,151122.6022216141,308,151122.6022216141,317,151122.6022216141
394750,305,141874.57189241494,306,146233.61197610834,308,146233.61197610834,317,146233.61197610834
394751,305,182800.84019797764,306,181283.41984766215,308,181283.41984766215,317,181283.41984766215
394752,305,310572.8631192658,306,308596.63708053203,308,308596.63708053203,317,308596.63708053203
394753,305,358762.7259325385,306,366534.5519680404,308,366534.5519680404,317,366534.5519680404
394755,305,185790.5784953836,306,182289.76820556808,308,182289.76820556808,317,182289.76820556808
394756,305,323623.7992442548,306,323231.5516411121,308,323231.5516411121,317,323231.5516411121
394758,305,325110.9725480418,306,285761.17543298734,308,285761.17543298734,317,285761.17543298734
394759,305,492797.2126936358,306,471923.5618385609,308,471923.5618385609,317,471923.5618385609
394761,305,197543.24455837827,306,197474.78914157324,308,197474.78914157324,317,197474.78914157324
394762,305,196312.51203758537,306,197909.49534088976,308,197909.49534088976,317,197909.49534088976
394763,305,199974.43495264128,306,201155.16932807319,308,201155.16932807319,317,201155.16932807319
394764,305,269997.9678859838,306,268872.46464672266,308,268872.46464672266,317,268872.46464672266
394765,305,352091.8337229798,306,350568.8078824757,308,350568.8078824757,317,350568.8078824757
394766,305,304558.6869491044,306,304838.1399196082,308,304838.1399196082,317,304838.1399196082
394767,305,108656.73681222276,306,108356.38676137985,308,108356.38676137985,317,108356.38676137985
394768,305,375260.11021871446,306,376318.9923428726,308,376318.9923428726,317,376318.9923428726
394770,305,246320.07608221413,306,247344.7523928036,308,247344.7523928036,317,247344.7523928036
394771,305,382350.98892420257,306,376618.0526392034,308,376618.0526392034,317,376618.0526392034
394772,305,210423.28129657288,306,207283.22558118298,308,207283.22558118298,317,207283.22558118298
394773,305,290397.11614979425,306,289500.83692077233,308,289500.83692077233,317,289500.83692077233
394774,305,240353.61951053204,306,259095.2433880851,308,259095.2433880851,317,259095.2433880851
394775,305,440049.833094756,306,438933.96593187563,308,438933.96593187563,317,438933.96593187563
394776,305,144989.86340519946,306,145163.0219931294,308,145163.0219931294,317,145163.0219931294
394777,305,140519.23593199134,306,138021.56105035634,308,138021.56105035634,317,138021.56105035634
394778,305,334885.90767408843,306,346635.1390782174,308,346635.1390782174,317,346635.1390782174
394779,305,239954.02221512896,306,239521.04608219725,308,239521.04608219725,317,239521.04608219725
394780,305,145313.5308951789,306,146496.33160167123,308,146496.33160167123,317,146496.33160167123
394781,305,233263.55917047063,306,227956.77952590954,308,227956.77952590954,317,227956.77952590954
394783,305,307482.72227875266,306,304655.7316550649,308,304655.7316550649,317,304655.7316550649
394784,305,160570.3927482896,306,162410.8398609573,308,162410.8398609573,317,162410.8398609573
394785,305,280333.32325581653,306,279138.28345032415,308,279138.28345032415,317,279138.28345032415
394786,305,327078.63920579595,306,325311.0287050353,308,325311.0287050353,317,325311.0287050353
394787,305,369845.256612172,306,369645.99341406935,308,369645.99341406935,317,369645.99341406935
394788,305,333487.35772756924,306,328415.4963795477,308,328415.4963795477,317,328415.4963795477
394789,305,187436.5481576025,306,185136.28719150822,308,185136.28719150822,317,185136.28719150822
394791,305,214759.7218946877,306,213952.858375441,308,213952.858375441,317,213952.858375441
394792,305,316884.171216859,306,320346.5790223292,308,320346.5790223292,317,320346.5790223292
394793,305,146288.6004002779,306,149653.04737232358,308,149653.04737232358,317,149653.04737232358
394794,305,183731.58893259123,306,183379.08284028622,308,183379.08284028622,317,183379.08284028622
394795,305,135824.87455928783,306,136057.73987332775,308,136057.73987332775,317,136057.73987332775
394796,305,298435.23637151805,306,298944.5166299699,308,298944.5166299699,317,298944.5166299699
394798,305,226334.00553142387,306,225994.69416049417,308,225994.69416049417,317,225994.69416049417
394799,305,194612.69894971373,306,195224.08050886466,308,195224.08050886466,317,195224.08050886466
394800,305,462609.8274454664,306,456870.3549874308,308,456870.3549874308,317,456870.3549874308
394801,305,168299.7444824101,306,157675.67226747237,308,157675.67226747237,317,157675.67226747237
394802,305,154780.47736673252,306,158018.39155905144,308,158018.39155905144,317,158018.39155905144
394803,305,220281.3132922241,306,234751.81984222832,308,234751.81984222832,317,234751.81984222832
394804,305,424580.0059540668,306,422948.38064451894,308,422948.38064451894,317,422948.38064451894
394805,305,598234.4096366431,306,571597.4617935023,308,571597.4617935023,317,571597.4617935023
394807,305,272138.2192247117,306,275228.4595851253,308,275228.4595851253,317,275228.4595851253
394808,305,209813.2451846877,306,210717.97383996827,308,210717.97383996827,317,210717.97383996827
394809,305,201038.28035330985,306,201658.34169719834,308,201658.34169719834,317,201658.34169719834
394810,305,130415.66194713036,306,136168.74367526302,308,136168.74367526302,317,136168.74367526302
394811,305,281210.5049430422,306,283979.91618167167,308,283979.91618167167,317,283979.91618167167
394812,305,98106.33210225338,306,99216.75941624872,308,99216.75941624872,317,99216.75941624872
394813,305,193094.3675414346,306,192773.81394107855,308,192773.81394107855,317,192773.81394107855
394814,305,425227.4631929449,306,425266.79077140155,308,425266.79077140155,317,425266.79077140155
394815,305,232542.644860718,306,231974.1796217087,308,231974.1796217087,317,231974.1796217087
394816,305,444162.1984396362,306,444253.95435536356,308,444253.95435536356,317,444253.95435536356
394817,305,147224.24692933165,306,148565.85193834468,308,148565.85193834468,317,148565.85193834468
394818,305,133939.38955665036,306,141701.7411255386,308,141701.7411255386,317,141701.7411255386
394819,305,165450.98139423606,306,167965.91709647625,308,167965.91709647625,317,167965.91709647625
394820,305,519635.8900260154,306,533310.4963650607,308,533310.4963650607,317,533310.4963650607
394821,305,260675.50400338863,306,252173.95722549822,308,252173.95722549822,317,252173.95722549822
394822,305,255045.18987553573,306,252506.51391023022,308,252506.51391023022,317,252506.51391023022
394823,305,308765.80482524046,306,307940.0159034361,308,307940.0159034361,317,307940.0159034361
394824,305,188418.1192706125,306,186135.35759202554,308,186135.35759202554,317,186135.35759202554
394825,305,202513.7257830985,306,202446.90731346657,308,202446.90731346657,317,202446.90731346657
394826,305,149346.6031583978,306,147912.04842001424,308,147912.04842001424,317,147912.04842001424
394827,305,176389.63556584073,306,175617.93933416382,308,175617.93933416382,317,175617.93933416382
394829,305,247640.7355285816,306,255363.72153374518,308,255363.72153374518,317,255363.72153374518
394830,305,222890.490846967,306,221416.81773512627,308,221416.81773512627,317,221416.81773512627
394831,305,177906.91108568464,306,177542.49568640676,308,177542.49568640676,317,177542.49568640676
394833,305,188397.74318916048,306,180282.0088341066,308,180282.0088341066,317,180282.0088341066
394835,305,181904.21201607268,306,185694.8165982594,308,185694.8165982594,317,185694.8165982594
394836,305,135497.5391194452,306,137807.92195197052,308,137807.92195197052,317,137807.92195197052
394837,305,226229.941007277,306,204061.70179641555,308,204061.70179641555,317,204061.70179641555
394838,305,197463.02335660343,306,199286.32133917283,308,199286.32133917283,317,199286.32133917283
394840,305,158862.70544238726,306,157476.55823543484,308,157476.55823543484,317,157476.55823543484
394841,305,168796.70079499503,306,161491.5203022077,308,161491.5203022077,317,161491.5203022077
394842,305,145826.70438665972,306,146516.30876170433,308,146516.30876170433,317,146516.30876170433
394843,305,192757.61238722235,306,193361.56873961867,308,193361.56873961867,317,193361.56873961867
394844,305,95795.88127077196,306,101118.02518884634,308,101118.02518884634,317,101118.02518884634
394845,305,248067.30218265005,306,246621.12736100834,308,246621.12736100834,317,246621.12736100834
394846,305,220837.8385363705,306,219530.65423524397,308,219530.65423524397,317,219530.65423524397
394847,305,165496.82265776023,306,164071.008591131,308,164071.008591131,317,164071.008591131
394848,305,436816.1106406853,306,446904.538231153,308,446904.538231153,317,446904.538231153
394849,305,245630.45470140883,306,246567.30518968578,308,246567.30518968578,317,246567.30518968578
394850,305,313479.009409375,306,278574.9729344071,308,278574.9729344071,317,278574.9729344071
394851,305,419680.00099478,306,421804.66882722767,308,421804.66882722767,317,421804.66882722767
394852,305,118070.51677412789,306,120107.45542551929,308,120107.45542551929,317,120107.45542551929
394854,305,174172.56901025062,306,173165.33462987642,308,173165.33462987642,317,173165.33462987642
394855,305,125250.64438182068,306,127265.23231119811,308,127265.23231119811,317,127265.23231119811
394856,305,480873.8168296982,306,481558.7527555582,308,481558.7527555582,317,481558.7527555582
394857,305,252212.60340381844,306,251737.91215116388,308,251737.91215116388,317,251737.91215116388
394858,305,95542.3703291426,306,129443.07574079937,308,129443.07574079937,317,129443.07574079937
394859,305,247908.3023566193,306,251276.8256409026,308,251276.8256409026,317,251276.8256409026
394860,305,325930.83737583464,306,343624.09911861597,308,343624.09911861597,317,343624.09911861597
394861,305,225438.56457824667,306,239701.66903153982,308,239701.66903153982,317,239701.66903153982
394862,305,376391.7838209148,306,374629.97717123566,308,374629.97717123566,317,374629.97717123566
394864,305,279939.5466815772,306,307597.6942299118,308,307597.6942299118,317,307597.6942299118
394865,305,390841.1147648037,306,403960.9735157153,308,403960.9735157153,317,403960.9735157153
394866,305,261290.62900039044,306,257775.9410774297,308,257775.9410774297,317,257775.9410774297
394867,305,575783.3743935031,306,575000.6924350333,308,575000.6924350333,317,575000.6924350333
394868,305,261853.691378045,306,262933.464702731,308,262933.464702731,317,262933.464702731
394869,305,173586.5467679942,306,175401.6519230052,308,175401.6519230052,317,175401.6519230052
394870,305,194929.72390190745,306,200550.17919385902,308,200550.17919385902,317,200550.17919385902
394871,305,469176.4828048332,306,469855.196055698,308,469855.196055698,317,469855.196055698
394872,305,159950.95661609244,306,169056.7454921388,308,169056.7454921388,317,169056.7454921388
394873,305,262463.96091813844,306,262655.2431893241,308,262655.2431893241,317,262655.2431893241
394875,305,204409.32176183668,306,204813.1995660711,308,204813.1995660711,317,204813.1995660711
394876,305,486351.49290021695,306,483028.296262588,308,483028.296262588,317,483028.296262588
394877,305,467021.9988447186,306,463432.1021082638,308,463432.1021082638,317,463432.1021082638
394878,305,119641.86791375962,306,124276.26390028346,308,124276.26390028346,317,124276.26390028346
394879,305,217934.31502839577,306,223428.80431325256,308,223428.80431325256,317,223428.80431325256
394880,305,290175.44504223624,306,292770.05889137345,308,292770.05889137345,317,292770.05889137345
394881,305,468735.7550988235,306,458907.2676352025,308,458907.2676352025,317,458907.2676352025
394882,305,364054.6058995707,306,365642.57460268796,308,365642.57460268796,317,365642.57460268796
394883,305,166093.53266708556,306,166482.35572609628,308,166482.35572609628,317,166482.35572609628
394884,305,222295.6818710823,306,221521.80118512415,308,221521.80118512415,317,221521.80118512415
394885,305,228039.67091443468,306,220148.90779552143,308,220148.90779552143,317,220148.90779552143
394886,305,226419.0625830243,306,237337.92067783503,308,237337.92067783503,317,237337.92067783503
394887,305,182985.351993762,306,184109.60949167938,308,184109.60949167938,317,184109.60949167938
394888,305,133414.12448270293,306,134577.43388475885,308,134577.43388475885,317,134577.43388475885
394889,305,278825.68142294727,306,277991.7749536683,308,277991.7749536683,317,277991.7749536683
394890,305,584929.8600984341,306,592538.6798948903,308,592538.6798948903,317,592538.6798948903
394891,305,234456.88697555385,306,231556.14214413762,308,231556.14214413762,317,231556.14214413762
394892,305,356444.3660756533,306,330352.8399720149,308,330352.8399720149,317,330352.8399720149
394893,305,164819.93184423094,306,164403.38454367957,308,164403.38454367957,317,164403.38454367957
394894,305,135758.16801253325,306,137888.72025476687,308,137888.72025476687,317,137888.72025476687
394895,305,194363.6461698709,306,194661.02668017696,308,194661.02668017696,317,194661.02668017696
394896,305,243963.8061794357,306,242629.97244506,308,242629.97244506,317,242629.97244506
394897,305,155435.8218161558,306,151565.47880371672,308,151565.47880371672,317,151565.47880371672
394898,305,341222.0621573388,306,341927.18168286746,308,341927.18168286746,317,341927.18168286746
394899,305,229321.19108692635,306,226076.18935728926,308,226076.18935728926,317,226076.18935728926
394900,305,902761.4992444612,306,944976.7783403791,308,944976.7783403791,317,944976.7783403791
394901,305,572308.65082822,306,578378.9602942257,308,578378.9602942257,317,578378.9602942257
394902,305,460092.66370795824,306,462776.1775421418,308,462776.1775421418,317,462776.1775421418
394903,305,111742.84782301182,306,124376.0359144228,308,124376.0359144228,317,124376.0359144228
394904,305,174090.21517330196,306,174765.5062648199,308,174765.5062648199,317,174765.5062648199
394905,305,256680.12478246103,306,257531.5035304044,308,257531.5035304044,317,257531.5035304044
394906,305,186108.8393799569,306,174504.23901149296,308,174504.23901149296,317,174504.23901149296
394907,305,154396.30565311236,306,148188.59178739984,308,148188.59178739984,317,148188.59178739984
394908,305,395478.929360429,306,406586.27944653877,308,406586.27944653877,317,406586.27944653877
394910,305,259631.29384203727,306,265641.54177509405,308,265641.54177509405,317,265641.54177509405
394911,305,206602.35322380703,306,201634.32181192224,308,201634.32181192224,317,201634.32181192224
394912,305,238736.6951197868,306,232183.5462596486,308,232183.5462596486,317,232183.5462596486
394913,305,712842.4757727523,306,723179.5551621559,308,723179.5551621559,317,723179.5551621559
394914,305,210047.2993724088,306,263164.13255332207,308,263164.13255332207,317,263164.13255332207
394915,305,234453.5981290216,306,256031.01692239917,308,256031.01692239917,317,256031.01692239917
394917,305,268850.8010645062,306,273767.20550813165,308,273767.20550813165,317,273767.20550813165
394918,305,281578.3309089064,306,282335.3760816075,308,282335.3760816075,317,282335.3760816075
394919,305,252417.90865598645,306,248551.431708379,308,248551.431708379,317,248551.431708379
394920,305,215733.13184870823,306,211460.51759017562,308,211460.51759017562,317,211460.51759017562
394921,305,219852.1858770888,306,217933.19645733095,308,217933.19645733095,317,217933.19645733095
394922,305,209617.354826804,306,237426.80372367427,308,237426.80372367427,317,237426.80372367427
394923,305,187459.28675943348,306,186261.0034622996,308,186261.0034622996,317,186261.0034622996
394924,305,410967.3578832974,306,425986.41987059877,308,425986.41987059877,317,425986.41987059877
394925,305,649908.3406061988,306,643085.6472492118,308,643085.6472492118,317,643085.6472492118
394927,305,277719.43904400506,306,279526.67372064927,308,279526.67372064927,317,279526.67372064927
394928,305,759243.8353399917,306,736472.8494656639,308,736472.8494656639,317,736472.8494656639
394930,305,248203.5374446737,306,248142.58904760832,308,248142.58904760832,317,248142.58904760832
394931,305,514479.6174186186,306,503657.35510954855,308,503657.35510954855,317,503657.35510954855
394932,305,137712.93355019702,306,140764.20780132987,308,140764.20780132987,317,140764.20780132987
394933,305,132448.0302964144,306,133507.81021538033,308,133507.81021538033,317,133507.81021538033
394934,305,287435.76235686126,306,285477.8404811198,308,285477.8404811198,317,285477.8404811198
394935,305,242339.5870704957,306,242021.26253537237,308,242021.26253537237,317,242021.26253537237
394936,305,156071.93239426633,306,178299.35544667538,308,178299.35544667538,317,178299.35544667538
394937,305,534957.5613982939,306,538403.9165220951,308,538403.9165220951,317,538403.9165220951
394938,305,304161.27814138687,306,306131.0229431651,308,306131.0229431651,317,306131.0229431651
394939,305,207283.74829183696,306,219453.631330217,308,219453.631330217,317,219453.631330217
394940,305,379374.904415288,306,378478.61969239183,308,378478.61969239183,317,378478.61969239183
394941,305,128903.665525816,306,132745.99263930783,308,132745.99263930783,317,132745.99263930783
394942,305,151902.5542456455,306,187222.33753054592,308,187222.33753054592,317,187222.33753054592
394943,305,392916.3822343357,306,393980.2324785814,308,393980.2324785814,317,393980.2324785814
394944,305,296474.3544732463,306,298243.81741861027,308,298243.81741861027,317,298243.81741861027
394945,305,189850.7500264581,306,189233.78426160512,308,189233.78426160512,317,189233.78426160512
394947,305,126412.40408317004,306,127824.20308725232,308,127824.20308725232,317,127824.20308725232
394948,305,299695.5886107297,306,285016.8281993909,308,285016.8281993909,317,285016.8281993909
394949,305,200054.43046318355,306,198359.1046471399,308,198359.1046471399,317,198359.1046471399
394951,305,390317.3976510218,306,390602.417030908,308,390602.417030908,317,390602.417030908
394952,305,890844.0198739053,306,903135.4070261293,308,903135.4070261293,317,903135.4070261293
394953,305,162610.06411255957,306,161526.04826449824,308,161526.04826449824,317,161526.04826449824
394954,305,362622.898608112,306,358597.2126786018,308,358597.2126786018,317,358597.2126786018
394955,305,217600.0867891537,306,217853.43864710067,308,217853.43864710067,317,217853.43864710067
394956,305,207010.7673989261,306,209667.52261989244,308,209667.52261989244,317,209667.52261989244
394957,305,348479.73876759264,306,345953.85515382467,308,345953.85515382467,317,345953.85515382467
394959,305,103285.09480229844,306,107724.7505537754,308,107724.7505537754,317,107724.7505537754
394960,305,346930.05572775984,306,356886.1525186984,308,356886.1525186984,317,356886.1525186984
394961,305,188984.48221862564,306,186254.67678756165,308,186254.67678756165,317,186254.67678756165
394962,305,205353.1070575463,306,205486.93618383713,308,205486.93618383713,317,205486.93618383713
394963,305,200630.3601826428,306,201374.51661764234,308,201374.51661764234,317,201374.51661764234
394964,305,163472.81813505688,306,162718.61934305864,308,162718.61934305864,317,162718.61934305864
394965,305,92847.64063127618,306,95931.0579288919,308,95931.0579288919,317,95931.0579288919
394967,305,394371.4515984601,306,395734.1739031157,308,395734.1739031157,317,395734.1739031157
394968,305,169560.221963377,306,170646.92730335242,308,170646.92730335242,317,170646.92730335242
394971,305,307200.37598458247,306,308197.2024249837,308,308197.2024249837,317,308197.2024249837
394972,305,164699.6011616075,306,165856.5412638605,308,165856.5412638605,317,165856.5412638605
394973,305,155362.17616318585,306,149939.2393226292,308,149939.2393226292,317,149939.2393226292
394974,305,385434.5643545762,306,389759.13779372885,308,389759.13779372885,317,389759.13779372885
394976,305,456017.0602983589,306,458074.1029876494,308,458074.1029876494,317,458074.1029876494
394977,305,198704.6067242809,306,198926.10808161536,308,198926.10808161536,317,198926.10808161536
394979,305,295125.9230284724,306,290656.6973227592,308,290656.6973227592,317,290656.6973227592
394980,305,95486.87089178212,306,98222.43255108516,308,98222.43255108516,317,98222.43255108516
394981,305,137476.65804893253,306,140430.59973410744,308,140430.59973410744,317,140430.59973410744
394982,305,229722.18173711063,306,234823.54724086658,308,234823.54724086658,317,234823.54724086658
394983,305,392296.5170014471,306,388651.676283497,308,388651.676283497,317,388651.676283497
394984,305,120869.10664977384,306,124425.616265701,308,124425.616265701,317,124425.616265701
394985,305,219588.1364488848,306,222315.83669264548,308,222315.83669264548,317,222315.83669264548
394986,305,216976.8038573569,306,203477.31376546313,308,203477.31376546313,317,203477.31376546313
394987,305,252639.0266044142,306,246228.5677499955,308,246228.5677499955,317,246228.5677499955
394988,305,348026.2436439416,306,352088.08721391956,308,352088.08721391956,317,352088.08721391956
394989,305,153243.4162915131,306,169332.10585930367,308,169332.10585930367,317,169332.10585930367
394990,305,109921.34781639306,306,110344.2998318072,308,110344.2998318072,317,110344.2998318072
394992,305,154168.46749641307,306,154777.03328332218,308,154777.03328332218,317,154777.03328332218
394993,305,161672.19643264098,306,160950.76924641035,308,160950.76924641035,317,160950.76924641035
394994,305,503527.7308349838,306,501856.94453862566,308,501856.94453862566,317,501856.94453862566
394995,305,389825.06600483065,306,394443.0813205809,308,394443.0813205809,317,394443.0813205809
394996,305,149339.18707027173,306,150695.18994900852,308,150695.18994900852,317,150695.18994900852
394997,305,537417.8395981095,306,539103.3437433412,308,539103.3437433412,317,539103.3437433412
394998,305,559518.1580837428,306,565234.5768562094,308,565234.5768562094,317,565234.5768562094
394999,305,130772.31571048088,306,135033.45981813155,308,135033.45981813155,317,135033.45981813155
395000,305,158250.88423444165,306,156797.0984860903,308,156797.0984860903,317,156797.0984860903
395003,305,276880.4713048477,306,279596.5291323017,308,279596.5291323017,317,279596.5291323017
395004,305,471633.0632183142,306,472379.4933137037,308,472379.4933137037,317,472379.4933137037
395005,305,510437.4342860579,306,517873.619910858,308,517873.619910858,317,517873.619910858
395006,305,547444.9870287188,306,549487.243487593,308,549487.243487593,317,549487.243487593
395007,305,296130.4847512985,306,296319.23833815265,308,296319.23833815265,317,296319.23833815265
395008,305,382111.99910688,306,378031.1882821088,308,378031.1882821088,317,378031.1882821088
395009,305,313701.1820245553,306,316786.13756120385,308,316786.13756120385,317,316786.13756120385
395010,305,182635.16360526448,306,179184.19026693847,308,179184.19026693847,317,179184.19026693847
395011,305,301524.5188658932,306,302108.1810950161,308,302108.1810950161,317,302108.1810950161
395012,305,449173.3166667109,306,458183.2700303101,308,458183.2700303101,317,458183.2700303101
395013,305,370311.5449288109,306,371507.27260634897,308,371507.27260634897,317,371507.27260634897
395014,305,130919.16565118384,306,148578.1101489047,308,148578.1101489047,317,148578.1101489047
395015,305,304050.9516602298,306,304514.364252618,308,304514.364252618,317,304514.364252618
395016,305,319431.2461231698,306,321998.25694368617,308,321998.25694368617,317,321998.25694368617
395017,305,331709.6235428921,306,311085.6850370972,308,311085.6850370972,317,311085.6850370972
395018,305,376639.4279050911,306,384236.34214757325,308,384236.34214757325,317,384236.34214757325
395019,305,566761.7611510054,306,568551.4399758596,308,568551.4399758596,317,568551.4399758596
395020,305,428997.2545095624,306,423024.3833702542,308,423024.3833702542,317,423024.3833702542
395021,305,163917.34642606942,306,164054.0515074856,308,164054.0515074856,317,164054.0515074856
395022,305,388514.6678137702,306,392090.8338230247,308,392090.8338230247,317,392090.8338230247
395023,305,261475.53005866025,306,263927.8723046634,308,263927.8723046634,317,263927.8723046634
395024,305,137902.5785938996,306,139212.60239629736,308,139212.60239629736,317,139212.60239629736
395025,305,590339.7930114425,306,591060.328344424,308,591060.328344424,317,591060.328344424
395026,305,320944.7781124028,306,324128.02901266457,308,324128.02901266457,317,324128.02901266457
395027,305,102633.2365497751,306,124396.85403600003,308,124396.85403600003,317,124396.85403600003
395028,305,292323.73862314713,306,292306.5778485599,308,292306.5778485599,317,292306.5778485599
395029,305,219137.8984066457,306,216834.69453595937,308,216834.69453595937,317,216834.69453595937
395030,305,336755.7798322458,306,338804.20569901617,308,338804.20569901617,317,338804.20569901617
395031,305,273327.01479884563,306,286606.82051584095,308,286606.82051584095,317,286606.82051584095
395032,305,299627.8275072743,306,297681.6436705748,308,297681.6436705748,317,297681.6436705748
395033,305,208716.8457613348,306,208511.6150248347,308,208511.6150248347,317,208511.6150248347
395034,305,129404.45222766162,306,132779.8914481751,308,132779.8914481751,317,132779.8914481751
395036,305,197736.7280283759,306,196023.91490043697,308,196023.91490043697,317,196023.91490043697
395037,305,224053.69257538,306,223391.66968316308,308,223391.66968316308,317,223391.66968316308
395038,305,231862.86465985203,306,231803.52973372853,308,231803.52973372853,317,231803.52973372853
395039,305,343663.49223292986,306,341778.4957336872,308,341778.4957336872,317,341778.4957336872
395040,305,164825.8668648,306,175351.88265773814,308,175351.88265773814,317,175351.88265773814
395042,305,193662.7045580575,306,194111.22125664563,308,194111.22125664563,317,194111.22125664563
395043,305,217309.0250112156,306,219221.79045065198,308,219221.79045065198,317,219221.79045065198
395044,305,309949.66549309046,306,345348.32033233426,308,345348.32033233426,317,345348.32033233426
395045,305,589046.9397531786,306,591505.1972432793,308,591505.1972432793,317,591505.1972432793
395046,305,297779.39395364485,306,294226.4353211664,308,294226.4353211664,317,294226.4353211664
395047,305,172075.55985881842,306,171489.03127174382,308,171489.03127174382,317,171489.03127174382
395048,305,454472.2665580778,306,451317.66972484416,308,451317.66972484416,317,451317.66972484416
395049,305,177714.70283586284,306,180739.0361871852,308,180739.0361871852,317,180739.0361871852
395050,305,855982.9524431283,306,873590.482486406,308,873590.482486406,317,873590.482486406
395051,305,430687.2566619239,306,423353.7606575294,308,423353.7606575294,317,423353.7606575294
395053,305,562978.2848930338,306,560326.8484485911,308,560326.8484485911,317,560326.8484485911
395054,305,245001.96822926527,306,246358.28420250193,308,246358.28420250193,317,246358.28420250193
395055,305,286339.1955499928,306,290921.61324338446,308,290921.61324338446,317,290921.61324338446
395056,305,941516.923229118,306,941247.5950857733,308,941247.5950857733,317,941247.5950857733
395057,305,1152144.4038236386,306,1159217.8646658165,308,1159217.8646658165,317,1159217.8646658165
395059,305,1631344.140856239,306,1607580.3910400942,308,1607580.3910400942,317,1607580.3910400942
395061,305,901300.6650705052,306,898799.7804423172,308,898799.7804423172,317,898799.7804423172
395062,305,232720.61355528547,306,233453.25708621784,308,233453.25708621784,317,233453.25708621784
395063,305,287936.80067782546,306,289562.70221097744,308,289562.70221097744,317,289562.70221097744
395065,305,1150453.0030282573,306,1159697.0027566059,308,1159697.0027566059,317,1159697.0027566059
395066,305,561571.8844076861,306,672557.5655460106,308,672557.5655460106,317,672557.5655460106
395068,305,804975.8175913814,306,815060.7933841684,308,815060.7933841684,317,815060.7933841684
395069,305,184923.53348118404,306,195000.6634716885,308,195000.6634716885,317,195000.6634716885
395070,305,356183.2376733871,306,359895.1275584781,308,359895.1275584781,317,359895.1275584781
395071,305,206739.66074433853,306,207113.84456787296,308,207113.84456787296,317,207113.84456787296
395072,305,196791.39957314648,306,191804.09426969307,308,191804.09426969307,317,191804.09426969307
395073,305,183861.3899997142,306,185170.52280502638,308,185170.52280502638,317,185170.52280502638
395075,305,228616.9874906576,306,228509.0029739491,308,228509.0029739491,317,228509.0029739491
395077,305,203644.2717161596,306,200963.82680938038,308,200963.82680938038,317,200963.82680938038
395078,305,764952.2451429198,306,764016.5596170963,308,764016.5596170963,317,764016.5596170963
395079,305,369225.2684420094,306,371523.159356485,308,371523.159356485,317,371523.159356485
395080,305,235720.6039819127,306,240526.99668133294,308,240526.99668133294,317,240526.99668133294
395081,305,187019.9253999953,306,184430.06676895262,308,184430.06676895262,317,184430.06676895262
395082,305,230130.8259896965,306,229044.42347705018,308,229044.42347705018,317,229044.42347705018
395083,305,78735.34451565052,306,86805.17019043057,308,86805.17019043057,317,86805.17019043057
395084,305,216898.6485561016,306,217157.451690853,308,217157.451690853,317,217157.451690853
395085,305,283314.7519010396,306,281940.9451247193,308,281940.9451247193,317,281940.9451247193
395086,305,403945.9634156501,306,414778.01471964247,308,414778.01471964247,317,414778.01471964247
395087,305,229448.1878928413,306,230778.1149715499,308,230778.1149715499,317,230778.1149715499
395088,305,189588.54892171288,306,191075.56429453677,308,191075.56429453677,317,191075.56429453677
395089,305,318662.4149933497,306,317577.708516687,308,317577.708516687,317,317577.708516687
395090,305,209397.1405442069,306,205697.1846221499,308,205697.1846221499,317,205697.1846221499
395091,305,331622.0277706467,306,328286.2363795963,308,328286.2363795963,317,328286.2363795963
395092,305,459031.4422568907,306,457514.6340728326,308,457514.6340728326,317,457514.6340728326
395093,305,441738.4716919576,306,426929.47604972316,308,426929.47604972316,317,426929.47604972316
395094,305,302344.73409263295,306,301355.39921079524,308,301355.39921079524,317,301355.39921079524
395095,305,388207.5084506529,306,398439.15676996036,308,398439.15676996036,317,398439.15676996036
395096,305,175199.90323765602,306,190380.15687128308,308,190380.15687128308,317,190380.15687128308
395097,305,234431.6308729436,306,213926.42307313395,308,213926.42307313395,317,213926.42307313395
395098,305,262805.96350284666,306,264290.01286560256,308,264290.01286560256,317,264290.01286560256
395099,305,154081.5505868518,306,152460.23966533717,308,152460.23966533717,317,152460.23966533717
395100,305,186002.2775121253,306,198975.6642476375,308,198975.6642476375,317,198975.6642476375
395102,305,218284.11303685725,306,218317.92011557295,308,218317.92011557295,317,218317.92011557295
395103,305,341006.55567031546,306,340320.96315811545,308,340320.96315811545,317,340320.96315811545
395104,305,133748.9119613701,306,133673.71732407925,308,133673.71732407925,317,133673.71732407925
395105,305,174826.8797224965,306,181290.09982769654,308,181290.09982769654,317,181290.09982769654
395106,305,173155.6130867262,306,173823.05125965216,308,173823.05125965216,317,173823.05125965216
395107,305,228247.70646661727,306,226900.63060227266,308,226900.63060227266,317,226900.63060227266
395109,305,276423.9477318423,306,276617.7732168777,308,276617.7732168777,317,276617.7732168777
395110,305,451030.02497273934,306,464272.2868390903,308,464272.2868390903,317,464272.2868390903
395111,305,191517.277836344,306,183490.01531800505,308,183490.01531800505,317,183490.01531800505
395112,305,373978.2342706772,306,401736.0919820852,308,401736.0919820852,317,401736.0919820852
395113,305,425917.1722827084,306,427384.7116934237,308,427384.7116934237,317,427384.7116934237
395114,305,188918.94342211145,306,206035.93029953644,308,206035.93029953644,317,206035.93029953644
395115,305,365572.6347811732,306,368170.12626877375,308,368170.12626877375,317,368170.12626877375
395116,305,266109.3185429864,306,265696.2806879636,308,265696.2806879636,317,265696.2806879636
395117,305,197755.22333214807,306,196620.55528941244,308,196620.55528941244,317,196620.55528941244
395118,305,317524.425653191,306,317657.300164215,308,317657.300164215,317,317657.300164215
395119,305,536102.391385627,306,537159.364430473,308,537159.364430473,317,537159.364430473
395120,305,205666.59945507025,306,208899.51584798444,308,208899.51584798444,317,208899.51584798444
395121,305,271063.0141125677,306,271187.58507951297,308,271187.58507951297,317,271187.58507951297
395122,305,300620.40152212227,306,298939.46485876583,308,298939.46485876583,317,298939.46485876583
395124,305,252804.232889154,306,254354.22105395718,308,254354.22105395718,317,254354.22105395718
395125,305,348900.0667716768,306,363416.01277357223,308,363416.01277357223,317,363416.01277357223
395126,305,279290.9495442793,306,277470.53793501173,308,277470.53793501173,317,277470.53793501173
395128,305,323040.85173974064,306,322594.40654215973,308,322594.40654215973,317,322594.40654215973
395129,305,341862.8966603025,306,330661.40322967735,308,330661.40322967735,317,330661.40322967735
395130,305,256587.3216518741,306,254839.33943503085,308,254839.33943503085,317,254839.33943503085
395131,305,138911.56178895876,306,138690.39304708326,308,138690.39304708326,317,138690.39304708326
395132,305,311411.3449592233,306,310597.16667090496,308,310597.16667090496,317,310597.16667090496
395133,305,231088.4738304686,306,228127.39225241085,308,228127.39225241085,317,228127.39225241085
395134,305,542847.7394588635,306,545591.6730502804,308,545591.6730502804,317,545591.6730502804
395135,305,187849.8838364291,306,192871.4891956307,308,192871.4891956307,317,192871.4891956307
395136,305,211651.3196241817,306,212124.90031562597,308,212124.90031562597,317,212124.90031562597
395137,305,267674.3400383915,306,271229.30701763724,308,271229.30701763724,317,271229.30701763724
395138,305,168869.21283370318,306,169998.91466560756,308,169998.91466560756,317,169998.91466560756
395139,305,190433.98025934128,306,189385.87172401484,308,189385.87172401484,317,189385.87172401484
395140,305,164678.05232378183,306,151357.87063030954,308,151357.87063030954,317,151357.87063030954
395141,305,234162.21275081244,306,238695.36709230908,308,238695.36709230908,317,238695.36709230908
395142,305,115323.47598643728,306,119128.25671672683,308,119128.25671672683,317,119128.25671672683
395143,305,252051.4664795373,306,253383.41802572462,308,253383.41802572462,317,253383.41802572462
395144,305,200275.05607355808,306,200730.2579582202,308,200730.2579582202,317,200730.2579582202
395145,305,180755.3616243364,306,183849.24401119686,308,183849.24401119686,317,183849.24401119686
395146,305,284556.29958915553,306,285439.4815216862,308,285439.4815216862,317,285439.4815216862
395148,305,365683.9275803938,306,373223.4225885915,308,373223.4225885915,317,373223.4225885915
395149,305,445581.5600365225,306,454514.68450722046,308,454514.68450722046,317,454514.68450722046
395150,305,125072.80656512752,306,124157.9205396929,308,124157.9205396929,317,124157.9205396929
395151,305,162700.59311096347,306,165191.1878489658,308,165191.1878489658,317,165191.1878489658
395152,305,181358.1845247837,306,188838.03200330323,308,188838.03200330323,317,188838.03200330323
395153,305,397325.0544336199,306,398809.8923995545,308,398809.8923995545,317,398809.8923995545
395154,305,184292.7697417548,306,191285.056278925,308,191285.056278925,317,191285.056278925
395155,305,214156.37934402432,306,214913.5006722865,308,214913.5006722865,317,214913.5006722865
395157,305,169899.14586843635,306,167295.52986597805,308,167295.52986597805,317,167295.52986597805
395158,305,193236.16913074537,306,195003.65074622494,308,195003.65074622494,317,195003.65074622494
395159,305,225889.5433063154,306,209964.85564085774,308,209964.85564085774,317,209964.85564085774
395160,305,199274.8634973968,306,201345.36032344375,308,201345.36032344375,317,201345.36032344375
395161,305,218350.60018826928,306,216110.2497983171,308,216110.2497983171,317,216110.2497983171
395162,305,420886.9172196833,306,424132.8581559884,308,424132.8581559884,317,424132.8581559884
395163,305,415909.33382191154,306,419862.2556176329,308,419862.2556176329,317,419862.2556176329
395164,305,448508.5780234943,306,449851.4623568696,308,449851.4623568696,317,449851.4623568696
395165,305,162507.5744216867,306,168704.55661502242,308,168704.55661502242,317,168704.55661502242
395166,305,630046.0287246256,306,651213.0925252511,308,651213.0925252511,317,651213.0925252511
395167,305,350128.1564735716,306,351235.60709523,308,351235.60709523,317,351235.60709523
395168,305,313934.14479345223,306,315088.7803437427,308,315088.7803437427,317,315088.7803437427
395169,305,246961.6790424424,306,245057.78786784507,308,245057.78786784507,317,245057.78786784507
395170,305,183743.6604259408,306,183946.85826084297,308,183946.85826084297,317,183946.85826084297
395171,305,217576.14770161256,306,217684.80063733898,308,217684.80063733898,317,217684.80063733898
395173,305,380503.6387688599,306,388183.9249301473,308,388183.9249301473,317,388183.9249301473
395174,305,277130.2114978637,306,275487.858528766,308,275487.858528766,317,275487.858528766
395175,305,510872.3488473396,306,521770.0498468781,308,521770.0498468781,317,521770.0498468781
395176,305,157373.20352197989,306,161695.85641565922,308,161695.85641565922,317,161695.85641565922
395178,305,242079.2215733468,306,240716.93108261307,308,240716.93108261307,317,240716.93108261307
395179,305,218282.93169026417,306,218626.63522496168,308,218626.63522496168,317,218626.63522496168
395181,305,195539.14184637144,306,222362.7771176651,308,222362.7771176651,317,222362.7771176651
395182,305,216235.6754452828,306,214608.7707412034,308,214608.7707412034,317,214608.7707412034
395183,305,590851.5777495662,306,592960.350294282,308,592960.350294282,317,592960.350294282
395185,305,183447.3489422992,306,182138.15578152024,308,182138.15578152024,317,182138.15578152024
395186,305,280371.9869907906,306,269338.6107343028,308,269338.6107343028,317,269338.6107343028
395187,305,344346.98702488,306,341556.8428137546,308,341556.8428137546,317,341556.8428137546
395188,305,100654.8400428358,306,105740.30062997893,308,105740.30062997893,317,105740.30062997893
395189,305,152838.44435677686,306,153684.74168157103,308,153684.74168157103,317,153684.74168157103
395190,305,221902.6605555308,306,222268.47173748064,308,222268.47173748064,317,222268.47173748064
395191,305,172237.49268674763,306,187392.49011924997,308,187392.49011924997,317,187392.49011924997
395192,305,150236.91803540502,306,149972.41620075522,308,149972.41620075522,317,149972.41620075522
395193,305,270681.5081933019,306,270453.56257916015,308,270453.56257916015,317,270453.56257916015
395194,305,364744.8641596557,306,365698.40298898256,308,365698.40298898256,317,365698.40298898256
395195,305,357635.1717882615,306,356361.8890444069,308,356361.8890444069,317,356361.8890444069
395196,305,188275.8963494789,306,193111.0368342169,308,193111.0368342169,317,193111.0368342169
395197,305,256708.5286688424,306,257754.63207990822,308,257754.63207990822,317,257754.63207990822
395198,305,221626.6756528843,306,221450.30012928412,308,221450.30012928412,317,221450.30012928412
395199,305,416191.0089990964,306,415508.5956412951,308,415508.5956412951,317,415508.5956412951
395201,305,229243.80791021863,306,231835.85449437716,308,231835.85449437716,317,231835.85449437716
395202,305,246982.93732884084,306,255398.4757088318,308,255398.4757088318,317,255398.4757088318
395203,305,136513.6539692664,306,137367.15402180015,308,137367.15402180015,317,137367.15402180015
395204,305,275374.38362964004,306,273015.7085974709,308,273015.7085974709,317,273015.7085974709
395205,305,276040.3856169598,306,277996.46097416786,308,277996.46097416786,317,277996.46097416786
395206,305,228716.8478078888,306,228559.72196516563,308,228559.72196516563,317,228559.72196516563
395207,305,228825.052305344,306,225320.3830353554,308,225320.3830353554,317,225320.3830353554
395208,305,243831.5032358494,306,247558.56148911675,308,247558.56148911675,317,247558.56148911675
395209,305,587158.0824350856,306,594708.864505657,308,594708.864505657,317,594708.864505657
395210,305,201000.4485550857,306,201369.75509411213,308,201369.75509411213,317,201369.75509411213
395211,305,343656.57133461203,306,340176.7390348203,308,340176.7390348203,317,340176.7390348203
395212,305,353892.3895118064,306,349412.0796308504,308,349412.0796308504,317,349412.0796308504
395213,305,218016.3339331444,306,218173.06907762002,308,218173.06907762002,317,218173.06907762002
395214,305,233717.380849396,306,248477.85387639364,308,248477.85387639364,317,248477.85387639364
395215,305,262284.43316886504,306,262349.85009504686,308,262349.85009504686,317,262349.85009504686
395216,305,147251.93896954806,306,160772.80278350646,308,160772.80278350646,317,160772.80278350646
395217,305,127552.57343742992,306,127080.72018464569,308,127080.72018464569,317,127080.72018464569
395218,305,510735.94839078194,306,559588.2044044368,308,559588.2044044368,317,559588.2044044368
395219,305,225083.94352616105,306,215999.89750665,308,215999.89750665,317,215999.89750665
395221,305,135926.8512036248,306,141761.36005062846,308,141761.36005062846,317,141761.36005062846
395222,305,397492.8851762535,306,389561.2189028795,308,389561.2189028795,317,389561.2189028795
395223,305,175354.675635926,306,175574.76118894844,308,175574.76118894844,317,175574.76118894844
395224,305,218642.7593311317,306,219841.82139057617,308,219841.82139057617,317,219841.82139057617
395225,305,229858.9815504048,306,228896.77549381036,308,228896.77549381036,317,228896.77549381036
395227,305,349195.1225463249,306,334916.6971508234,308,334916.6971508234,317,334916.6971508234
395228,305,284344.5233194807,306,281008.5123830611,308,281008.5123830611,317,281008.5123830611
395229,305,443520.09938963206,306,443680.23498751275,308,443680.23498751275,317,443680.23498751275
395230,305,243967.68606881413,306,238441.86659014202,308,238441.86659014202,317,238441.86659014202
395231,305,219994.66866350267,306,219295.42662440627,308,219295.42662440627,317,219295.42662440627
395232,305,381195.3707813807,306,382288.58497956337,308,382288.58497956337,317,382288.58497956337
395234,305,280413.72821891046,306,278795.0026174673,308,278795.0026174673,317,278795.0026174673
395235,305,272254.4478750587,306,274432.56607558747,308,274432.56607558747,317,274432.56607558747
395236,305,128767.9320116132,306,130941.21089196332,308,130941.21089196332,317,130941.21089196332
395238,305,476195.4706426608,306,475247.23776487634,308,475247.23776487634,317,475247.23776487634
395239,305,237732.3032716361,306,236896.21547450725,308,236896.21547450725,317,236896.21547450725
395240,305,351581.9797118365,306,362158.54279560834,308,362158.54279560834,317,362158.54279560834
395241,305,279584.6791424861,306,274484.97047402797,308,274484.97047402797,317,274484.97047402797
395244,305,300182.24313316884,306,300271.3276717209,308,300271.3276717209,317,300271.3276717209
395245,305,168918.97101910782,306,176270.88335610495,308,176270.88335610495,317,176270.88335610495
395246,305,432773.7142545968,306,425236.9283675126,308,425236.9283675126,317,425236.9283675126
395247,305,278412.50641384785,306,282485.5990074781,308,282485.5990074781,317,282485.5990074781
395248,305,206948.37107689632,306,206972.89556408962,308,206972.89556408962,317,206972.89556408962
753865,305,260557.1630353321,306,250726.82757916316,308,250726.82757916316,317,250726.82757916316
753866,305,128800.60221610504,306,129292.59743211632,308,129292.59743211632,317,129292.59743211632
753869,305,253950.4847391928,306,263144.5382307783,308,263144.5382307783,317,263144.5382307783
753871,305,990852.6785133987,306,999754.62524585,308,999754.62524585,317,999754.62524585
753872,305,426669.9074086927,306,441736.0368626893,308,441736.0368626893,317,441736.0368626893
753874,305,299467.7800612711,306,297203.1021564561,308,297203.1021564561,317,297203.1021564561
753875,305,443079.5569214529,306,447929.6808409419,308,447929.6808409419,317,447929.6808409419
753877,305,409386.5383226508,306,408424.40065356443,308,408424.40065356443,317,408424.40065356443
753878,305,250177.16358786868,306,249621.93915111723,308,249621.93915111723,317,249621.93915111723
753879,305,157146.15974340154,306,160172.45110369418,308,160172.45110369418,317,160172.45110369418
753880,305,180057.8730451295,306,177087.41016457847,308,177087.41016457847,317,177087.41016457847
753881,305,959930.230812202,306,951481.9298739171,308,951481.9298739171,317,951481.9298739171
753884,305,959978.6689742262,306,952540.6667742709,308,952540.6667742709,317,952540.6667742709
753887,305,311951.1389987412,306,315517.52794791345,308,315517.52794791345,317,315517.52794791345
753889,305,204837.93330626647,306,253741.87151184154,308,253741.87151184154,317,253741.87151184154
753890,305,335045.232316986,306,345177.5701265932,308,345177.5701265932,317,345177.5701265932
753892,305,141482.0978361088,306,148150.2856870482,308,148150.2856870482,317,148150.2856870482
753893,305,407345.64194923965,306,403258.79268020054,308,403258.79268020054,317,403258.79268020054
753895,305,280107.6605154608,306,280511.2532044669,308,280511.2532044669,317,280511.2532044669
753899,305,972836.6189224492,306,988395.0388976148,308,988395.0388976148,317,988395.0388976148
753901,305,261002.82534262203,306,261364.52469621532,308,261364.52469621532,317,261364.52469621532
753902,305,162441.65249685853,306,165492.53191415864,308,165492.53191415864,317,165492.53191415864
753903,305,180302.786257904,306,179420.3483502675,308,179420.3483502675,317,179420.3483502675
753904,305,261875.00570032324,306,267874.3928513449,308,267874.3928513449,317,267874.3928513449
753905,305,479481.22344528296,306,477979.40712992917,308,477979.40712992917,317,477979.40712992917
753906,305,416874.6812731708,306,422331.45801192976,308,422331.45801192976,317,422331.45801192976
753908,305,315912.8111654789,306,310393.42220905167,308,310393.42220905167,317,310393.42220905167
753909,305,252744.5001383904,306,242222.9659003465,308,242222.9659003465,317,242222.9659003465
753911,305,158717.82241038955,306,161212.8770320156,308,161212.8770320156,317,161212.8770320156
753912,305,417082.3661351041,306,423349.3717883036,308,423349.3717883036,317,423349.3717883036
753914,305,202725.8807363989,306,216935.2358220173,308,216935.2358220173,317,216935.2358220173
753915,305,158006.9039873113,306,158962.58709487467,308,158962.58709487467,317,158962.58709487467
753916,305,639865.5168340557,306,643697.457974225,308,643697.457974225,317,643697.457974225
753917,305,987583.2942942588,306,988348.0201183951,308,988348.0201183951,317,988348.0201183951
753918,305,268008.5127582582,306,269033.8164518005,308,269033.8164518005,317,269033.8164518005
753920,305,402091.44908854674,306,403053.0872377005,308,403053.0872377005,317,403053.0872377005
753921,305,1110466.866148726,306,1098364.6640751273,308,1098364.6640751273,317,1098364.6640751273
753923,305,403941.9490705018,306,397164.5018791183,308,397164.5018791183,317,397164.5018791183
753924,305,845650.3431567402,306,850310.5136180457,308,850310.5136180457,317,850310.5136180457
753925,305,1518010.8371621105,306,1488610.6146295578,308,1488610.6146295578,317,1488610.6146295578
753926,305,174450.11741341822,306,170922.44518273632,308,170922.44518273632,317,170922.44518273632
753927,305,337134.3362849326,306,336415.46346231387,308,336415.46346231387,317,336415.46346231387
753928,305,225953.22594038583,306,221819.00894753632,308,221819.00894753632,317,221819.00894753632
753929,305,131478.74202892598,306,132845.86689283705,308,132845.86689283705,317,132845.86689283705
